date,race,mode,banker_no,banker_name,legs,banker_finish,legs_finish,win_hit,qin_hit,qpl_hit,pnl_est
20260401,1,banker_qpl,3,ONLY U,#9 DOUBLE BINGO|#10 CHEER FOR SOUTH|#7 RACINGRACE|#1 SUPERB GUY|#2 TAI VICTORY,10,9:4|10:7|7:12|1:5|2:11,False,False,False,-1.00
20260401,2,box_qin,,,#14 ALL EYES ON ME|#13 PHANTOM CYCLONE|#2 DIRIYA|#3 CELESTIAL HARMONY|#4 TELECOM POWER|#9 VERBIER,,14:9|13:8|2:14|3:4|4:7|9:3,False,False,False,-1.00
20260401,3,banker_qpl,8,DAILY TROPHY,#9 FASHION LEGEND|#1 SUPREME AGILITY|#10 BULL ATTITUDE|#6 BLOSSOMY|#2 COLOURFUL GAN|#5 NOVA KNIGHT,8,9:7|1:2|10:4|6:9|2:13|5:14,False,False,False,-1.00
20260401,4,banker_qpl,2,SPEEDY SMARTIE,#12 NO OTHER CHOICE|#11 SWAGGER BRO|#4 KING OBERON|#6 DAY DAY VICTORY|#9 FORTUNE WHISKEY|#10 RISING ELITE|#5 LUCKY TOGETHER|#8 STARRY SHOW|#7 TACTICAL VICTORY,2,12:5|11:6|4:9|6:4|9:10|10:7|5:11|8:8|7:12,False,False,False,-1.00
20260401,5,box_qin,,,#2 CALIFORNIA STAR|#13 FIREFOOT|#5 HAPPY UNIVERSE|#4 ARIEL|#9 NORTHERN BEAST|#10 GLORIOUS RYDER|#3 GLORIOUS SUCCESS,,2:7|13:4|5:1|4:9|9:12|10:13|3:8,False,False,False,-1.00
20260401,6,banker_qpl,3,ONE MAN SHOW,#2 NEVER TOO SOON|#9 JUICY DRAGON|#1 TOURBILLON GOLFER|#11 HAPPY ALLIANCE|#10 SAVVY WARRIOR,5,2:9|9:2|1:3|11:12|10:7,False,False,False,-1.00
20260401,7,box_qin,,,#2 NOTTHESILLYONE|#6 GOOD CHAP|#5 LIGHT YEARS GLORY|#1 IGOR STRAVINSKY|#9 JOLLY COMPANION|#7 LEAPING STAR,,2:9|6:7|5:4|1:1|9:5|7:11,False,False,False,-1.00
20260401,8,box_qin,,,#4 VICTORY SKY|#7 BLAZING WIND|#2 CAPITAL DELIGHT|#5 AURORA PATCH|#1 ROMANTIC SON|#10 YOUNG ARROW|#3 SUPERB CAPITALIST,,4:1|7:4|2:5|5:2|1:3|10:7|3:9,False,True,True,-0.74
20260401,9,box_qin,,,#3 DRAGON AIR FORCE|#8 ENDEARED|#2 TALENTS AMBITION|#10 SO YOU WILL|#14 STURDY RUBY|#13 JOLTIN,,3:8|8:3|2:2|10:5|14:10|13:12,False,False,True,-1.00
20260406,1,box_qin,,,#1 ALMIGHTY LIGHTNING|#13 CONSPIRATOR|#14 ENJOY GOLF|#10 SEA DIAMOND|#2 SUPER SIXTY|#12 ZOUPER FELLOW|#11 STAR PERFORMER,,1:2|13:10|14:4|10:8|2:12|12:1|11:5,False,True,True,-0.32
20260406,2,banker_qpl,5,MAJESTIC DELIGHT,#2 ICONICAL|#8 KING ALLOY|#1 ALWAYS FLUKE|#11 ORIENTAL SURPRISE|#13 SMART ENGINEER|#10 ROBOT KNIGHT|#4 CIRCUIT DUFFY,6,2:13|8:4|1:2|11:9|13:8|10:3|4:14,False,False,False,-1.00
20260406,3,box_qin,,,#1 MR COOL|#3 VICTOR SUPREME|#5 MULTISUPERSTAR|#4 LUCKY YEAR|#6 KYRUS TREASURE|#10 DERRYNBLUE|#11 FIGHTING MACHINE,,1:3|3:4|5:10|4:9|6:13|10:12|11:8,False,False,False,-1.00
20260406,4,box_qin,,,#2 LUCKY RANGER|#3 ROBOT STAR|#5 FLYING KNIGHT|#7 LET'S HAVE FUN|#11 I EXCELLE|#9 ILLUMINOUS|#12 DUKE OF ORANGE|#6 KING CANNON|#13 QUICK MONEY,,2:None|3:2|5:5|7:10|11:11|9:3|12:4|6:9|13:13,False,False,True,-1.00
20260406,5,box_qin,,,#14 RIDING HIGH|#12 COME FAST FAY FAY|#1 MR INCREDIBLE|#11 SUNNY Q|#10 LITTLE MONSTER|#9 DRAGON HALL|#5 HEALTHY PONY,,14:2|12:7|1:6|11:9|10:5|9:14|5:11,False,False,False,-1.00
20260406,6,banker_qpl,4,FAST RESPONDER,#1 GLOWING PRAISES|#6 BLUE ILLUSION|#11 WONDERSTAR|#7 TACTICAL ACE|#2 WHIZZ KID|#9 REAL TIME,1,1:2|6:9|11:5|7:7|2:6|9:12,True,True,True,-0.08
20260406,7,banker_qpl,1,KA YING RISING,#2 HELIOS EXPRESS|#4 TOMODACHI KOKOROE|#3 RAGING BLIZZARD,1,2:2|4:6|3:3,True,True,True,5.42
20260406,8,banker_qpl,2,MIGHTY MASTS,#1 LUCY IN THE SKY|#10 PACKING GLORY|#9 KA YING SUPERB|#7 DRAGON ON SNOW|#3 GOLDEN CHAMP|#5 DREAMING TOGETHER,1,1:8|10:5|9:9|7:10|3:6|5:7,True,False,False,-1.00
20260406,9,banker_qpl,14,STUNNING PEACH,#1 VOYAGE BUBBLE|#13 STORM RIDER|#2 RED LION|#12 PATCH OF THETA|#4 BEAUTY JOY|#11 CHANCHENG GLORY,9,1:3|13:13|2:14|12:10|4:11|11:6,False,False,False,-1.00
20260406,10,box_qin,,,#4 WINNING OVATION|#8 SIX PACK|#1 HEALTHY HAPPY|#7 LO RIDER|#6 MUGEN|#9 STEPS AHEAD|#2 NEW FOREST|#3 JOHANNES BRAHMS,,4:2|8:3|1:4|7:8|6:1|9:7|2:9|3:10,False,True,True,0.62
20260406,11,box_qin,,,#6 FORTUNE BOY|#8 MONEY CATCHER|#5 FAMILY JEWEL|#4 AERODYNAMICS|#11 MIGHTY STRENGTH|#1 FALLON,,6:7|8:5|5:10|4:1|11:4|1:9,False,False,False,-1.00
20260408,1,banker_qpl,1,DECISION LINK,#10 ALWAYS MY FOLKS|#12 TEAM HAPPY|#2 LEGENDARY IMPACT|#6 SPARKLE AND GOLD|#8 PODIUM|#5 ONE AND ONLY,1,10:12|12:4|2:11|6:9|8:7|5:10,True,False,False,-1.00
20260408,2,banker_qpl,12,VIVACIOUS WIN,#10 YIU CHEUNG VICTORY|#9 PRECISION HOPE|#8 GOLDEN DARCI|#4 AESTHETICISM|#6 CELTIC TIMES,2,10:3|9:9|8:11|4:8|6:5,False,False,True,0.23
20260408,3,banker_qpl,2,BEAUTY THUNDER,#1 SUPERB KING|#12 HAPPY UNITED|#10 GET FRIENDLY|#9 VIVA BOSS|#7 JOY STAR|#5 FORZA LEADER,4,1:3|12:5|10:9|9:11|7:10|5:8,False,False,False,-1.00
20260408,4,box_qin,,,#7 GOLDEN BRILLIANT|#11 EXCELLENT BOY|#8 INCANTO STAR|#9 WHOWROTETHATSONG|#4 AUTOMATED|#3 KING OF SELECTION|#10 WINNING DATA,,7:1|11:5|8:9|9:7|4:10|3:12|10:11,False,False,False,-1.00
20260408,5,box_qin,,,#2 MONARCH COUNTY|#4 FIND MY LOVE|#11 SAME TO YOU|#6 FREE PONY|#7 FORERUNNER|#12 FLYING CHRISTIE|#8 MARVEL AND GOLD,,2:7|4:6|11:5|6:3|7:4|12:12|8:8,False,False,False,-1.00
20260408,6,banker_qpl,11,GAMEPLAYER ELITE,#6 LUCKY MCQUEEN|#1 CROSSBORDERDUDE|#2 SKY CAP|#4 TACTICAL COMMAND,2,6:4|1:3|2:1|4:6,False,True,True,-0.08
20260408,7,banker_qpl,8,STORMI,#6 SUPER UNICORN|#2 SKY VINO|#5 VIVA GRACIOUSNESS|#4 BLAZING WUKONG|#3 NATURAL NUMBERS|#7 ROMANTIC GLADIATOR,4,6:9|2:2|5:8|4:5|3:10|7:6,False,False,False,-1.00
20260408,8,banker_qpl,9,ACE CHAMPION,#10 SPIRIT OF PEACE|#1 CELESTIAL HERO|#7 POWER KOEPP|#5 EXCEED THE LIMIT|#8 SPICY GOLD|#3 WONDER KIT,7,10:4|1:8|7:6|5:5|8:11|3:10,False,False,False,-1.00
20260408,9,banker_qpl,1,SIGHT HERMOSO,#4 MIGHTY COMMANDER|#3 RED SEA|#6 FLYING WROTE|#9 VULCANUS|#5 SUPER JOY N FUN|#2 HARMONY N BLESSED,1,4:8|3:11|6:5|9:10|5:4|2:2,True,True,True,3.83
20260412,1,skip,,,,,,False,False,False,0.00
20260412,2,box_qin,,,#6 WINNING DIAMOND|#3 SETANTA|#2 ONE LOVE|#10 YEE CHEONG RAIDER|#11 PANDA LEGEND|#7 BASIC INSTINCT|#13 MR GOOD VIBES|#5 WINNING CIGAR,,6:4|3:8|2:12|10:2|11:5|7:13|13:14|5:6,False,False,False,-1.00
20260412,3,banker_qpl,2,DASHING MAURISON,#7 COOL BLUE|#1 BEAUTY MISSILE|#10 GOLD TACK|#9 WINDICATOR FAMILY|#4 RATTAN GALAXY|#14 THE WAY WE WIN|#8 SPEEDY TRIDENT,9,7:4|1:10|10:7|9:2|4:11|14:5|8:14,False,False,False,-1.00
20260412,4,banker_qpl,2,HAPPY BOSS,#7 INVICTUS DRAGON|#1 EIGHTY LIGHT YEARS|#14 THE CONCENTRATION|#12 SUPREME FEELING|#8 CHEERFUL WONGCHOY|#10 GOLDEN WIN|#11 SWEET BRIAR,1,7:5|1:4|14:7|12:14|8:8|10:9|11:13,True,False,False,-1.00
20260412,5,banker_qpl,4,CALL ME SPARKLE,#3 CONRAD PATCH|#2 VICTOR THE RAPID|#12 RUBY SAILING|#6 JUBILANT STAR|#10 GORGEOUS VICTORY|#11 FULL OF LAUGHTER|#7 SMILING CHAMPION|#9 CHATER FLASH,4,3:5|2:6|12:8|6:9|10:3|11:12|7:10|9:11,False,False,False,-1.00
20260412,6,box_qin,,,#1 BABY SAKURA|#2 ELITE GOLF|#10 LEADING DRAGON|#5 FLYING SNIPER|#6 HEROIC VANGUARD|#8 SUPER RUBICK KID|#4 LO PAN SPIRIT|#12 AQUAMAN,,1:3|2:1|10:2|5:5|6:11|8:7|4:12|12:10,False,True,True,-0.23
20260412,7,box_qin,,,#9 SHOTGUN|#11 JUST FOLLOW ME|#10 SUPER DRAGON|#3 FORZA TORO|#4 MASTER PHOENIX|#1 FLYING FORTUNE|#8 LUCKY GIBS|#12 LUCKY SECRET,,9:4|11:7|10:5|3:2|4:8|1:6|8:12|12:14,False,False,False,-1.00
20260412,8,banker_qpl,4,ENDUED,#7 AMAZING PARTNERS|#1 MISTER DAPPER|#11 RISING PHOENIX|#12 WITHALLMYFAITH|#10 LEGEND WINNER|#9 HYMNBOOK|#8 HAPPY TERCENTENARY|#3 WINDLORD|#6 SHANWAH,8,7:1|1:2|11:4|12:3|10:9|9:5|8:10|3:7|6:6,False,False,False,-1.00
20260412,9,banker_qpl,11,POSITIVE SMILE,#1 ENDEARED|#9 PRAY FOR JUSTICE|#10 FLASH CURRENT|#12 REFUSETOBEENGLISH|#4 OUTGATE|#6 COMPLETE UNKNOWN,6,1:2|9:7|10:9|12:8|4:11|6:5,False,False,False,-1.00
20260412,10,banker_qpl,2,SMART GOLF,#5 CHILL BUDDY|#1 CROSSBORDERPEGASUS|#6 TURQUOISE VELOCITY|#12 YEE CHEONG GLORY|#3 YOUNG EMPEROR|#7 THE UNIQUE STAR,,5:4|1:5|6:2|12:6|3:3|7:7,False,False,False,-1.00
20260412,11,banker_qpl,11,GALACTIC VOYAGE,#9 RISING FORCE|#1 COLOURFUL KING|#5 CRIMSON FLASH|#4 SELF IMPROVEMENT|#3 GORGEOUS WIN|#8 VICTOR THE WINNER,4,9:2|1:6|5:1|4:12|3:10|8:7,False,False,False,-1.00
20260415,1,banker_qpl,5,MACANESE MASTER,#1 COUNTRY DANCER|#6 ALWAYS MY FOLKS|#9 ORIENTAL SURPRISE|#8 TAIHANG SCENERY|#10 SHINE BRIGHT|#11 SPORTIC WARRIOR|#7 RUN YES RUN,2,1:5|6:1|9:8|8:4|10:9|11:11|7:10,False,True,True,-0.35
20260415,2,banker_qpl,7,DOUBLE BINGO,#11 PERFECTO MOMENTS|#8 COURIER MAGIC|#4 EXCEED THE WISH|#10 WAH MAY WAI WAI|#5 INNO CENTURY|#2 POWER SUMMIT|#12 SMART TRIO,2,11:4|8:9|4:11|10:5|5:12|2:10|12:8,False,False,False,-1.00
20260415,3,banker_qpl,1,FANTASTIC FUN,#10 RUN RUN TIMING|#7 RED BRICK WARRIOR|#4 TAKE ACTION|#5 THE AZURE|#6 TO INFINITY|#3 STATE SECURITY|#8 LAKESHORE HERO,1,10:2|7:7|4:6|5:8|6:9|3:11|8:5,True,True,True,-0.40
20260415,4,box_qin,,,#2 ROMANTIC LAOS|#9 SMART CITY|#4 HARMONY GALAXY|#10 KINGLY DEMEANOR|#7 CAN'T GO WONG|#6 SHARPEN BRIGHT|#8 FOREVER GLORIOUS,,2:5|9:6|4:1|10:2|7:10|6:11|8:12,False,True,True,0.05
20260415,5,banker_qpl,10,WIN METHOD,#4 DO YOUR PART|#7 CALIFORNIA MOXIE|#6 FORTUNATE SON|#5 KING LOTUS|#9 GRATIFIDE|#8 SUPERB KID,3,4:2|7:10|6:4|5:9|9:11|8:7,False,False,True,-0.07
20260415,6,banker_qpl,3,STORMING DRAGON,#4 TEAM TEAM FOLKS|#9 CLOUD NINE|#8 QUARTZ LEGEND|#2 NORTHERN FIRE BALL|#7 ORIGIN OF FORM|#12 FLYING CHRISTIE|#6 RYUI KOKOROE|#10 NEXT FORTUNE,1,4:None|9:2|8:5|2:None|7:8|12:10|6:4|10:9,True,True,True,0.11
20260415,7,banker_qpl,3,MASTER LUCKY,#5 RAINBOW SEVEN|#6 THE HEIR|#4 GENIUS BABY|#7 FATAL BLOW|#12 CALIFORNIA DEEPLY|#9 TRENDY RUSH,7,5:4|6:3|4:6|7:5|12:11|9:10,False,False,False,-1.00
20260415,8,banker_qpl,11,ALL ROUND WINNER,#9 ROMANTIC GLADIATOR|#2 KEEFY|#1 JUMBO LEGEND|#10 RAGGA BOMB|#6 I CAN|#7 TELECOM FIGHTERS|#3 THE BOOM BOX,1,9:2|2:4|1:7|10:6|6:10|7:11|3:8,True,True,True,1.83
20260415,9,banker_qpl,7,DO YOU JUST,#12 SOMELOVEFROMABOVE|#4 AMAZING KID|#9 STRAIGHT TO GLORY|#2 LUCKY PLANET|#10 PRESTIGE WIN|#11 LUCKY DOCTOR,1,12:3|4:8|9:9|2:7|10:11|11:10,True,False,True,1.25
20260419,1,banker_qpl,1,FOREMOST TEDDY,#12 CONSPIRACY WITNESS|#4 FIREFOOT|#11 ALL ARE MINE|#3 MANAGEMENT FOLKS|#8 SUPER HONG KONG,1,12:14|4:2|11:3|3:12|8:10,True,True,True,0.06
20260419,2,banker_qpl,11,MODEST GENTLEMAN,#12 SONIC BOOM|#9 VIVA CHALEUR|#4 COLOURFUL WINNER|#8 TRIUMPHANT WARRIOR|#10 CHEER FOR SOUTH|#5 SUPERB GUY|#2 RUNJEET,4,12:11|9:2|4:9|8:3|10:7|5:8|2:12,False,False,False,-1.00
20260419,3,banker_qpl,1,RUN RUN SUNRISE,#13 HEROIC MASTER|#2 TOURBILLON GOLFER|#6 MAPOGO|#14 HAPPY ACTION|#9 SYNERGY EXPRESS,3,13:8|2:7|6:6|14:12|9:10,False,False,False,-1.00
20260419,4,box_qin,,,#13 THE ALL ROUNDER|#1 CHARMING BABE|#11 PROUD BOX|#7 FRANCIS MEYNELL|#12 SUPER MASTERMIND|#14 YOUNG LEGACY,,13:9|1:6|11:1|7:8|12:10|14:7,False,False,False,-1.00
20260419,5,box_qin,,,#11 ABSOLUTE HONOUR|#6 PRESTIGE RICKY|#12 INCANTO STAR|#3 MEGA MASTERMIND|#8 LEAPING STAR,,11:1|6:3|12:6|3:2|8:12,False,True,True,-0.46
20260419,6,banker_qpl,11,BULL ATTITUDE,#5 SHANGHAI STYLE|#8 SHOTGUN|#1 SUPREME AGILITY|#9 BLOSSOMY|#6 ARIEL,2,5:6|8:3|1:4|9:1|6:7,False,True,True,0.36
20260419,7,box_qin,,,#4 NEVER TOO SOON|#10 JUICY DRAGON|#1 ARMOUR WAR EAGLE|#7 FLOWING RICHES|#8 LIGHT YEARS GLORY,,4:7|10:5|1:2|7:8|8:3,False,False,True,-1.00
20260419,8,banker_qpl,6,PI LEGEND,#3 AURORA PATCH|#5 BLAZING WIND|#8 POWER KOEPP|#10 BEAUTY GLORY|#2 LADY'S CHOICE,7,3:2|5:None|8:6|10:9|2:5,False,False,False,-1.00
20260419,9,banker_qpl,1,SKY JEWELLERY,#9 PERFECTDAY|#4 AEROVOLANIC|#8 CHILL EASY|#12 WONDERSTAR,1,9:4|4:6|8:3|12:9,True,False,True,2.30
20260419,10,banker_qpl,5,GOLD PATCH,#10 ROBOT LUCKY STAR|#1 SOUTH STAR|#3 KA YING ATTACK|#7 THOUSAND SPIRIT|#11 VULCANUS,1,10:8|1:7|3:3|7:2|11:4,True,True,True,0.18
20260419,11,box_qin,,,#5 AWESOME FLUKE|#6 GENTLEMEN LEGACY|#2 STUNNING PEACH|#10 SKY HEART|#7 NEW FOREST|#9 SWORD POINT|#1 MOMENTS IN TIME,,5:5|6:4|2:9|10:10|7:14|9:6|1:12,False,False,False,-1.00
